{"cameraMode":{"drawMode":0,"name":"Shaded","section":"Shading Mode"},"sceneLighting":true,"audioPlay":false,"sceneViewState":{"showFog":true,"showMaterialUpdate":false,"showSkybox":true,"showFlares":true,"showImageEffects":true,"showParticleSystems":true},"in2DMode":false,"pivot":{"x":-117.76515197753906,"y":-32.400421142578128,"z":-20.21612548828125},"rotation":{"x":-0.13332077860832215,"y":0.843411922454834,"z":-0.24366198480129243,"w":-0.46031033992767336},"size":146.2991180419922,"orthographic":false}