{"cameraMode":{"drawMode":0,"name":"Shaded","section":"Shading Mode"},"sceneLighting":true,"audioPlay":false,"sceneViewState":{"showFog":true,"showMaterialUpdate":false,"showSkybox":true,"showFlares":true,"showImageEffects":true,"showParticleSystems":true},"in2DMode":false,"pivot":{"x":-35.46029281616211,"y":9.492347717285157,"z":-36.73833465576172},"rotation":{"x":0.02461351454257965,"y":0.9737928509712219,"z":-0.18566617369651795,"w":0.1292734295129776},"size":6.111047267913818,"orthographic":false}