{"cameraMode":{"drawMode":0,"name":"Shaded","section":"Shading Mode"},"sceneLighting":true,"audioPlay":false,"sceneViewState":{"showFog":true,"showMaterialUpdate":false,"showSkybox":true,"showFlares":true,"showImageEffects":true,"showParticleSystems":true},"in2DMode":false,"pivot":{"x":74.68629455566406,"y":27.149028778076173,"z":-23.778282165527345},"rotation":{"x":-0.15645456314086915,"y":0.7287418246269226,"z":-0.17741696536540986,"w":-0.6426442861557007},"size":2.8578836917877199,"orthographic":false}