{"cameraMode":{"drawMode":0,"name":"Shaded","section":"Shading Mode"},"sceneLighting":true,"audioPlay":false,"sceneViewState":{"showFog":true,"showMaterialUpdate":false,"showSkybox":true,"showFlares":true,"showImageEffects":true,"showParticleSystems":true},"in2DMode":false,"pivot":{"x":-0.37183788418769839,"y":-3.3977391719818117,"z":5.4496169090271},"rotation":{"x":-0.14733964204788209,"y":-0.386006236076355,"z":0.06272004544734955,"w":-0.9086015820503235},"size":83.82616424560547,"orthographic":false}