{"cameraMode":{"drawMode":0,"name":"Shaded","section":"Shading Mode"},"sceneLighting":true,"audioPlay":false,"sceneViewState":{"showFog":true,"showMaterialUpdate":false,"showSkybox":true,"showFlares":true,"showImageEffects":true,"showParticleSystems":true},"in2DMode":false,"pivot":{"x":32.40153121948242,"y":25.751501083374025,"z":0.0},"rotation":{"x":-0.03598063066601753,"y":0.9527007937431336,"z":-0.27478867769241335,"w":-0.1247464194893837},"size":6.457885265350342,"orthographic":false}