{"cameraMode":{"drawMode":0,"name":"Shaded","section":"Shading Mode"},"sceneLighting":true,"audioPlay":false,"sceneViewState":{"showFog":true,"showMaterialUpdate":false,"showSkybox":true,"showFlares":true,"showImageEffects":true,"showParticleSystems":true},"in2DMode":false,"pivot":{"x":70.37630462646485,"y":-16.224105834960939,"z":-23.87850570678711},"rotation":{"x":-0.08603992313146591,"y":-0.6724721789360046,"z":0.08023705333471298,"w":-0.7309431433677673},"size":55.44440841674805,"orthographic":false}