{"cameraMode":{"drawMode":0,"name":"Shaded","section":"Shading Mode"},"sceneLighting":true,"audioPlay":false,"sceneViewState":{"showFog":true,"showMaterialUpdate":false,"showSkybox":true,"showFlares":true,"showImageEffects":true,"showParticleSystems":true},"in2DMode":false,"pivot":{"x":33.28499984741211,"y":4.12499475479126,"z":-49.99000549316406},"rotation":{"x":-0.10844088345766068,"y":0.06925127655267716,"z":-0.007478254847228527,"w":-0.991806149482727},"size":4.943840980529785,"orthographic":false}