{"cameraMode":{"drawMode":0,"name":"Shaded","section":"Shading Mode"},"sceneLighting":true,"audioPlay":false,"sceneViewState":{"showFog":true,"showMaterialUpdate":false,"showSkybox":true,"showFlares":true,"showImageEffects":true,"showParticleSystems":true},"in2DMode":false,"pivot":{"x":-31.165695190429689,"y":9.156686782836914,"z":-41.84664535522461},"rotation":{"x":-0.13678987324237824,"y":-0.8521191477775574,"z":0.27512916922569277,"w":-0.42366090416908266},"size":4.494014739990234,"orthographic":false}